{
    "train": {
        "box_loss": 1.06434,
        "cls_loss": 1.05748,
        "dfl_loss": 1.14749
    },
    "metrics": {
        "precision(B)": 0.7314475681294718,
        "recall(B)": 0.6631548308465054,
        "mAP50(B)": 0.7194896366423764,
        "mAP50-95(B)": 0.5518342681327846
    },
    "val": {
        "box_loss": 0.9979,
        "cls_loss": 0.89099,
        "dfl_loss": 1.06831
    },
    "lr": {
        "pg0": 1.6898e-05,
        "pg1": 1.6898e-05,
        "pg2": 1.6898e-05
    },
    "model": {
        "parameters": 3157200,
        "GFLOPs": 0.0,
        "speed_PyTorch(ms)": 4.308
    },
    "step": 14
}
